Generation,SelectedFeatures,n1,n2,n3,lr,dr,l2,alpha,Accuracy,TP,FP,FN,TN
1,"age,cp,trestbps,chol,oldpeak,slope,ca",157,74,43,0.009572,0.2721,0.002494,0.135,0.8542,255,29,63,284
1,"cp,trestbps,chol,fbs,restecg,thalach,oldpeak,slope,ca",129,103,56,0.009092,0.0081,0.008521,0.1478,0.8193,220,16,98,297
1,"cp,trestbps,chol,fbs,restecg,thalach,oldpeak,slope,ca",155,118,39,0.006461,0.3053,0.006648,0.2132,0.8653,265,32,53,281
1,"age,cp,trestbps,chol,thalach,oldpeak,slope,ca",184,91,58,0.00946,0.2798,0.008253,0.1814,0.7544,300,137,18,176
1,"age,cp,trestbps,chol,restecg,thalach,oldpeak,slope,ca",169,98,32,0.007008,0.2816,0.00794,0.048,0.8463,282,61,36,252
1,"cp,trestbps,chol,oldpeak,slope,ca",185,103,61,0.008603,0.3687,0.002427,0.0311,0.8162,233,31,85,282
1,"cp,trestbps,chol,thalach,oldpeak,slope,ca",162,79,62,0.001161,0.3992,0.008484,0.2505,0.8431,275,56,43,257
1,"age,sex,cp,trestbps,chol,restecg,thalach,oldpeak,slope,ca",154,67,63,0.00762,0.3216,0.007045,0.1705,0.859,261,32,57,281
1,"cp,trestbps,chol,thalach,oldpeak,slope,ca",133,84,57,0.009616,0.1965,0.003072,0.0488,0.8019,208,15,110,298
1,"age,cp,trestbps,chol,restecg,thalach,oldpeak,slope,ca",139,74,33,0.009298,0.0644,0.00944,0.2194,0.8526,288,63,30,250
1,"age,cp,trestbps,chol,fbs,thalach,oldpeak,slope,ca",186,102,32,0.000943,0.1579,0.004028,0.1547,0.8336,281,68,37,245
1,"cp,trestbps,chol,restecg,thalach,oldpeak,slope,ca",184,85,35,0.007152,0.289,0.00118,0.2782,0.8494,281,58,37,255
1,"cp,trestbps,chol,restecg,thalach,oldpeak,slope,ca",189,92,46,0.003162,0.195,0.002214,0.2425,0.8605,281,51,37,262
1,"cp,trestbps,chol,oldpeak,slope,ca",165,110,39,0.004768,0.1536,0.003466,0.2831,0.8352,285,71,33,242
1,"age,cp,trestbps,chol,fbs,thalach,oldpeak,slope,ca",163,71,32,0.01,0.0072,0.009823,0.0463,0.7686,301,129,17,184
1,"cp,trestbps,chol,restecg,thalach,oldpeak,slope,ca",187,88,37,0.007297,0.09,0.009866,0.1785,0.8605,267,37,51,276
1,"age,cp,trestbps,chol,restecg,thalach,oldpeak,slope,ca",173,83,56,0.001667,0.1199,0.005691,0.2874,0.87,271,35,47,278
1,"cp,trestbps,chol,fbs,oldpeak,slope,ca",172,85,41,0.000278,0.1394,0.007789,0.1394,0.8193,233,29,85,284
1,"age,cp,trestbps,chol,restecg,thalach,oldpeak,slope,ca",131,83,52,0.009109,0.1357,0.006992,0.1521,0.8669,260,26,58,287
1,"age,cp,trestbps,chol,restecg,thalach,oldpeak,slope,ca",189,99,53,0.001911,0.1054,0.001903,0.204,0.8542,253,27,65,286
1,"cp,trestbps,chol,thalach,oldpeak,slope,ca",167,120,63,0.009056,0.1905,0.001875,0.1755,0.8574,282,54,36,259
1,"cp,trestbps,chol,oldpeak,slope,ca",161,102,44,0.005522,0.32,0.003283,0.1928,0.8494,253,30,65,283
1,"age,cp,trestbps,chol,restecg,thalach,oldpeak,slope,ca",154,126,38,0.000268,0.3224,0.001476,0.1818,0.8368,262,47,56,266
1,"cp,trestbps,chol,oldpeak,slope,ca",177,83,58,0.008938,0.2043,0.000983,0.1401,0.8288,247,37,71,276
1,"cp,trestbps,chol,oldpeak,slope,ca",132,85,46,0.002755,0.3484,0.006269,0.2832,0.8447,249,29,69,284
1,"cp,trestbps,chol,oldpeak,slope,ca",184,79,56,0.001185,0.2473,0.009201,0.0687,0.8463,260,39,58,274
1,"cp,trestbps,chol,oldpeak,slope,ca",175,67,54,0.007776,0.0122,0.004502,0.2525,0.8368,246,31,72,282
1,"age,cp,trestbps,chol,restecg,thalach,oldpeak,slope,ca",170,103,58,0.003951,0.0141,0.007352,0.0528,0.7734,302,127,16,186
1,"cp,trestbps,chol,thalach,oldpeak,slope,ca",134,88,55,0.007523,0.3851,0.001616,0.2107,0.8574,274,46,44,267
1,"cp,trestbps,chol,restecg,oldpeak,slope,ca",175,120,45,0.00782,0.1158,0.000593,0.0762,0.8526,259,34,59,279
1,"cp,trestbps,chol,oldpeak,slope,ca",189,115,41,0.003124,0.2772,0.001464,0.0978,0.8463,256,35,62,278
1,"cp,trestbps,chol,thalach,oldpeak,slope,ca",152,113,36,0.005711,0.1337,0.003195,0.0682,0.8447,251,31,67,282
1,"age,cp,trestbps,chol,fbs,restecg,thalach,oldpeak,slope,ca",153,128,32,0.004009,0.1581,0.000241,0.2904,0.87,278,42,40,271
1,"cp,trestbps,chol,thalach,oldpeak,slope,ca",142,76,53,0.006553,0.2937,0.00369,0.0242,0.8352,264,50,54,263
1,"cp,trestbps,chol,restecg,thalach,oldpeak,slope,ca",145,90,43,0.006154,0.0801,0.002102,0.0515,0.8494,276,53,42,260
1,"cp,trestbps,chol,thalach,oldpeak,slope,ca",167,99,46,0.000471,0.3141,0.000341,0.1393,0.8574,273,45,45,268
1,"age,cp,trestbps,chol,restecg,thalach,oldpeak,slope,ca",130,78,40,0.008496,0.0275,0.009484,0.0985,0.6799,312,196,6,117
1,"age,cp,trestbps,chol,fbs,restecg,thalach,oldpeak,slope,ca",162,74,34,0.007243,0.1533,0.009672,0.2424,0.8685,269,34,49,279
1,"cp,trestbps,chol,thalach,oldpeak,slope,ca",174,99,54,0.007235,0.04,0.00868,0.2237,0.8431,258,39,60,274
1,"cp,trestbps,chol,thalach,oldpeak,slope,ca",168,72,52,0.005531,0.3521,0.009949,0.1821,0.794,208,20,110,293
1,"age,cp,trestbps,chol,fbs,restecg,thalach,oldpeak,slope,ca",165,77,62,0.008569,0.1496,0.007264,0.1849,0.794,294,106,24,207
1,"cp,trestbps,chol,restecg,thalach,oldpeak,slope,ca",130,99,58,0.001224,0.2532,0.004942,0.2228,0.7369,307,155,11,158
1,"age,cp,trestbps,chol,restecg,thalach,oldpeak,slope,ca",163,108,37,0.007649,0.3245,0.000182,0.1396,0.8526,274,49,44,264
1,"age,cp,trestbps,chol,fbs,restecg,thalach,oldpeak,slope,ca",190,105,58,0.003048,0.1256,0.002549,0.2503,0.8494,288,65,30,248
1,"age,cp,trestbps,chol,fbs,restecg,thalach,exang,oldpeak,slope,ca",181,82,32,0.0001,0.0343,0.004139,0.2762,0.794,206,18,112,295
1,"cp,trestbps,chol,restecg,thalach,oldpeak,slope,ca",150,67,46,0.00528,0.3785,0.006077,0.2388,0.7908,198,12,120,301
1,"age,cp,trestbps,chol,fbs,restecg,thalach,oldpeak,slope,ca",154,67,51,0.000185,0.3392,0.005029,0.2428,0.7876,206,22,112,291
1,"age,cp,trestbps,chol,restecg,thalach,oldpeak,slope,ca",171,128,60,0.0001,0.0,0.003952,0.2533,0.8431,248,29,70,284
1,"age,cp,trestbps,chol,restecg,thalach,oldpeak,slope,ca",135,77,59,0.007465,0.0981,0.006876,0.2319,0.8526,280,55,38,258
1,"age,cp,trestbps,chol,fbs,restecg,thalach,oldpeak,slope,ca",192,86,44,0.009497,0.3202,0.003242,0.0891,0.8352,235,21,83,292
1,"cp,trestbps,chol,oldpeak,slope,ca",175,74,46,0.007102,0.1344,0.008394,0.1933,0.7591,173,7,145,306
1,"cp,trestbps,chol,thalach,oldpeak,slope,ca",180,124,50,0.008998,0.2288,0.003866,0.1322,0.8241,291,84,27,229
1,"cp,trestbps,chol,oldpeak,slope,ca",141,107,58,0.007474,0.213,0.001285,0.1769,0.8193,289,85,29,228
1,"sex,cp,trestbps,chol,fbs,restecg,thalach,oldpeak,slope,ca",168,103,38,0.009595,0.0564,0.009788,0.1249,0.6783,313,198,5,115
1,"age,cp,trestbps,chol,fbs,restecg,thalach,oldpeak,slope,ca",152,66,54,0.007119,0.0379,0.009417,0.1084,0.813,213,13,105,300
1,"cp,trestbps,chol,oldpeak,slope,ca",172,75,47,0.002816,0.0,1e-06,0.2502,0.8352,283,69,35,244
1,"cp,trestbps,chol,oldpeak,slope,ca",145,125,55,0.002689,0.3622,0.002217,0.1383,0.8114,217,18,101,295
1,"cp,trestbps,chol,thalach,oldpeak,slope,ca",190,78,58,0.002078,0.062,0.003001,0.1814,0.8415,253,35,65,278
1,"age,cp,trestbps,chol,fbs,restecg,thalach,oldpeak,slope,ca",144,117,36,0.002378,0.1111,0.001075,0.1735,0.851,275,51,43,262
1,"age,cp,trestbps,chol,fbs,restecg,thalach,oldpeak,slope,ca",161,80,52,0.002172,0.3857,0.00753,0.0283,0.8479,275,53,43,260
1,"age,cp,trestbps,chol,restecg,thalach,oldpeak,slope,ca",183,109,54,0.005768,0.117,0.008981,0.1377,0.8463,261,40,57,273
1,"age,cp,trestbps,chol,fbs,restecg,thalach,oldpeak,slope,ca",129,88,62,0.0019,0.2123,0.001665,0.0708,0.851,253,29,65,284
1,"age,cp,trestbps,chol,restecg,thalach,oldpeak,slope,ca",143,124,55,0.008204,0.1085,0.005147,0.164,0.7924,294,107,24,206
1,"age,cp,trestbps,chol,restecg,thalach,oldpeak,slope,ca",158,87,62,0.007816,0.2471,0.008654,0.2999,0.8574,286,58,32,255
2,"age,cp,trestbps,chol,restecg,thalach,oldpeak,slope,ca",158,87,62,0.007816,0.2471,0.008654,0.2999,0.8431,287,68,31,245
2,"age,cp,trestbps,chol,restecg,thalach,oldpeak,slope,ca",135,77,59,0.007465,0.0981,0.006876,0.2319,0.8574,255,27,63,286
2,"age,cp,trestbps,chol,fbs,restecg,thalach,oldpeak,slope,ca",162,80,52,0.002172,0.3857,0.00753,0.0283,0.8257,230,22,88,291
2,"age,cp,trestbps,chol,fbs,restecg,thalach,oldpeak,slope,ca",161,74,34,0.007243,0.1533,0.009672,0.2424,0.8336,288,75,30,238
2,"age,cp,trestbps,chol,oldpeak,slope,ca",184,79,56,0.001185,0.2473,0.009201,0.0687,0.8162,290,88,28,225
2,"cp,trestbps,chol,oldpeak,slope,ca",177,83,58,0.008938,0.2043,0.000983,0.1401,0.8035,215,21,103,292
2,"cp,trestbps,chol,thalach,oldpeak,slope,ca",134,88,55,0.007523,0.3851,0.001616,0.2107,0.8384,240,24,78,289
2,"cp,trestbps,chol,restecg,thalach,oldpeak,slope,ca",187,88,37,0.007297,0.09,0.009866,0.1785,0.8463,244,23,74,290
2,"age,cp,trestbps,chol,restecg,thalach,oldpeak,slope,ca",189,92,46,0.003162,0.195,0.002214,0.2425,0.8431,284,65,34,248
2,"cp,trestbps,chol,restecg,thalach,oldpeak,slope,ca",131,83,52,0.009109,0.1357,0.006992,0.1521,0.7036,309,178,9,135
2,"sex,cp,trestbps,chol,fbs,restecg,thalach,oldpeak,slope,ca",174,99,39,0.006461,0.3053,0.006648,0.2132,0.8494,282,59,36,254
2,"sex,cp,trestbps,chol,restecg,thalach,oldpeak,slope,ca",155,118,54,0.007235,0.04,0.00868,0.2237,0.8605,287,57,31,256
2,"age,cp,trestbps,chol,oldpeak,slope,ca",185,103,61,0.008603,0.3687,0.002427,0.0311,0.8431,274,55,44,258
2,"cp,trestbps,chol,fbs,restecg,thalach,oldpeak,slope,ca",153,128,32,0.004009,0.1581,0.000241,0.2904,0.8605,281,51,37,262
2,"cp,trestbps,chol,restecg,oldpeak,slope,ca",175,120,45,0.00782,0.1158,0.000593,0.0762,0.8431,250,31,68,282
2,"cp,trestbps,chol,restecg,thalach,oldpeak,slope,ca",187,88,37,0.007297,0.09,0.009866,0.1785,0.6355,315,227,3,86
2,"cp,trestbps,chol,fbs,restecg,thalach,oldpeak,slope,ca",162,74,45,0.00782,0.1158,0.000593,0.0762,0.8574,248,20,70,293
2,"age,cp,trestbps,chol,restecg,oldpeak,slope,ca",175,120,34,0.007243,0.1533,0.009672,0.2424,0.8352,286,72,32,241
2,"sex,cp,trestbps,chol,restecg,thalach,oldpeak,slope,ca",173,120,45,0.00782,0.1657,1e-06,0.2494,0.87,268,32,50,281
2,"age,sex,cp,trestbps,chol,restecg,thalach,oldpeak,slope,ca",175,83,56,0.001667,0.1199,0.005691,0.1315,0.8669,279,45,39,268
2,"cp,trestbps,chol,restecg,thalach,oldpeak,slope,ca",189,92,46,0.003162,0.195,0.002214,0.2425,0.8637,272,40,46,273
2,"age,cp,trestbps,chol,fbs,exang,oldpeak,slope,ca",157,74,43,0.0001,0.2721,0.002494,0.135,0.8193,269,65,49,248
2,"age,cp,trestbps,chol,fbs,restecg,thalach,exang,oldpeak,slope,ca",162,74,34,0.007243,0.1533,0.009672,0.2424,0.8542,244,18,74,295
2,"cp,trestbps,chol,restecg,thalach,oldpeak,slope,ca",189,92,46,0.003162,0.195,0.002214,0.2425,0.8368,232,17,86,296
2,"age,cp,trestbps,chol,restecg,thalach,oldpeak,slope,ca",154,126,38,0.000268,0.3224,0.001476,0.1818,0.7686,183,11,135,302
2,"age,cp,trestbps,chol,restecg,thalach,oldpeak,slope,ca",135,77,59,0.007465,0.0981,0.006876,0.2319,0.8542,274,48,44,265
2,"cp,trestbps,chol,thalach,oldpeak,slope,ca",167,120,63,0.009056,0.1905,0.001875,0.1755,0.832,233,21,85,292
2,"age,cp,trestbps,chol,fbs,restecg,thalach,oldpeak,slope,ca",162,74,34,0.007243,0.1533,0.009672,0.2424,0.8114,296,97,22,216
2,"age,sex,cp,trestbps,chol,fbs,restecg,thalach,oldpeak,slope,ca",162,74,34,0.007243,0.1533,0.009672,0.2424,0.8241,295,88,23,225
2,"age,cp,trestbps,chol,fbs,restecg,thalach,oldpeak,slope,ca",144,117,36,0.002378,0.1111,0.001075,0.1735,0.8605,260,30,58,283
2,"age,cp,trestbps,chol,restecg,thalach,oldpeak,slope,ca",189,99,53,0.001911,0.1054,0.000182,0.1396,0.8241,229,22,89,291
2,"age,cp,trestbps,chol,restecg,thalach,oldpeak,slope,ca",163,108,37,0.007649,0.3245,0.001903,0.204,0.8574,273,45,45,268
2,"cp,trestbps,chol,oldpeak,slope,ca",185,103,61,0.008603,0.3687,0.002427,0.0311,0.8479,266,44,52,269
2,"cp,trestbps,chol,thalach,oldpeak,slope,ca",134,88,55,0.007523,0.3851,0.001616,0.2107,0.8463,284,63,34,250
2,"cp,trestbps,chol,restecg,thalach,oldpeak,slope,ca",163,108,37,0.007649,0.3245,0.000182,0.2132,0.8669,284,50,34,263
2,"age,cp,trestbps,chol,fbs,restecg,thalach,oldpeak,slope,ca",155,118,39,0.006461,0.3053,0.006648,0.1396,0.8399,286,69,32,244
2,"cp,trestbps,chol,restecg,thalach,oldpeak,slope,ca",184,85,35,0.007152,0.289,0.00118,0.2782,0.8574,273,45,45,268
2,"cp,trestbps,chol,thalach,oldpeak,slope,ca",152,113,36,0.01,0.1337,0.003195,0.0682,0.8352,244,30,74,283
2,"age,cp,trestbps,chol,fbs,restecg,thalach,oldpeak,slope,ca",190,105,58,0.003048,0.1256,0.002549,0.0104,0.8447,285,65,33,248
2,"cp,trestbps,chol,restecg,thalach,oldpeak,slope,ca",145,90,43,0.006154,0.0801,0.002102,0.0515,0.8494,274,51,44,262
2,"cp,trestbps,chol,fbs,restecg,thalach,oldpeak,slope,ca",155,118,39,0.006461,0.3053,0.006648,0.2132,0.87,276,40,42,273
2,"cp,trestbps,chol,restecg,thalach,oldpeak,slope,ca",187,88,37,0.007297,0.09,0.009866,0.1785,0.8368,287,72,31,241
2,"cp,trestbps,chol,restecg,thalach,oldpeak,slope,ca",187,88,37,0.007297,0.09,0.009866,0.0553,0.5816,317,263,1,50
2,"age,cp,trestbps,chol,restecg,thalach,oldpeak,slope,ca",183,109,54,0.005768,0.117,0.008981,0.1377,0.8463,289,68,29,245
2,"cp,trestbps,chol,fbs,restecg,thalach,oldpeak,slope,ca",155,118,39,0.006461,0.3053,0.006648,0.2132,0.8605,262,32,56,281
2,"age,cp,trestbps,chol,restecg,thalach,oldpeak,slope,ca",131,83,52,0.009109,0.1357,0.006992,0.1521,0.8399,287,70,31,243
2,"cp,trestbps,chol,thalach,oldpeak,slope,ca",167,120,63,0.009056,0.1905,0.001875,0.1755,0.8558,286,59,32,254
2,"age,cp,trestbps,chol,fbs,restecg,thalach,oldpeak,slope,ca",153,128,32,0.004009,0.1581,0.000241,0.2904,0.8526,277,52,41,261
2,"cp,trestbps,chol,oldpeak,slope,ca",161,102,44,0.005522,0.32,0.003283,0.1928,0.8431,285,66,33,247
2,"age,cp,trestbps,chol,restecg,thalach,oldpeak,slope,ca",158,87,62,0.007816,0.2471,0.008654,0.2999,0.7781,187,9,131,304
2,"age,cp,trestbps,chol,restecg,thalach,oldpeak,slope,ca",131,83,52,0.0001,0.1357,0.006992,0.1521,0.8225,253,47,65,266
2,"age,cp,trestbps,chol,restecg,thalach,oldpeak,slope,ca",189,99,53,0.001911,0.1054,0.001903,0.204,0.851,244,20,74,293
2,"cp,trestbps,chol,thalach,oldpeak,slope,ca",167,120,63,0.009056,0.1905,0.001875,0.1755,0.851,273,49,45,264
2,"cp,trestbps,chol,thalach,oldpeak,slope,ca",180,124,50,0.008998,0.2288,0.003866,0.1322,0.8114,297,98,21,215
2,"cp,trestbps,chol,oldpeak,slope,ca",172,75,47,0.002816,0.0,1e-06,0.2502,0.8574,271,43,47,270
2,"age,cp,trestbps,chol,restecg,thalach,oldpeak,slope,ca",135,77,59,0.007465,0.0981,0.006876,0.2319,0.729,305,158,13,155
2,"cp,trestbps,chol,thalach,oldpeak,slope,ca",167,120,63,0.01,0.3191,0.001875,0.1755,0.8336,241,28,77,285
2,"age,cp,trestbps,chol,fbs,restecg,thalach,oldpeak,slope,ca",144,117,36,0.002378,0.1111,0.001075,0.1735,0.851,241,17,77,296
2,"cp,trestbps,chol,fbs,restecg,thalach,oldpeak,slope,ca",162,74,34,0.002816,0.0,1e-06,0.2502,0.8637,281,49,37,264
2,"age,cp,trestbps,chol,oldpeak,slope,ca",172,75,47,0.007243,0.1533,0.009672,0.2424,0.5626,316,274,2,39
2,"cp,trestbps,chol,restecg,thalach,oldpeak,slope,ca",189,92,46,0.003162,0.195,0.002214,0.2425,0.8447,252,32,66,281
2,"age,cp,trestbps,chol,fbs,restecg,thalach,oldpeak,slope,ca",144,117,36,0.002378,0.1111,0.001075,0.1735,0.8209,295,90,23,223
2,"age,cp,trestbps,chol,restecg,thalach,oldpeak,slope,ca",189,99,53,0.001911,0.1054,0.001903,0.204,0.8526,278,53,40,260
2,"age,cp,trestbps,chol,restecg,thalach,oldpeak,slope,ca",189,99,53,0.001911,0.1054,0.001903,0.204,0.8653,258,25,60,288
3,"age,cp,trestbps,chol,restecg,thalach,oldpeak,slope,ca",135,77,59,0.007465,0.0981,0.006876,0.2319,0.8352,245,31,73,282
3,"age,cp,trestbps,chol,restecg,thalach,oldpeak,slope,ca",189,99,53,0.001911,0.1054,0.001903,0.204,0.851,284,60,34,253
3,"age,cp,trestbps,chol,fbs,restecg,thalach,oldpeak,slope,ca",144,117,36,0.002378,0.1111,0.001075,0.1735,0.859,285,56,33,257
3,"cp,trestbps,chol,thalach,oldpeak,slope,ca",134,88,55,0.007523,0.3851,0.001616,0.2107,0.851,277,53,41,260
3,"age,cp,trestbps,chol,restecg,thalach,oldpeak,slope,ca",183,109,54,0.005768,0.117,0.008981,0.1377,0.7845,302,120,16,193
3,"cp,trestbps,chol,restecg,oldpeak,slope,ca",175,120,45,0.00782,0.0126,0.000593,0.0762,0.8415,263,45,55,268
3,"age,cp,trestbps,chol,fbs,restecg,thalach,oldpeak,slope,ca",189,92,46,0.003162,0.195,0.002214,0.2141,0.8225,292,86,26,227
3,"cp,trestbps,chol,fbs,restecg,thalach,oldpeak,slope,ca",144,117,36,0.002378,0.1111,0.001075,0.1735,0.8637,277,45,41,268
3,"cp,trestbps,chol,restecg,thalach,oldpeak,slope,ca",145,90,43,0.006154,0.0801,0.002102,0.0515,0.8415,282,64,36,249
3,"age,cp,trestbps,chol,restecg,thalach,oldpeak,slope,ca",158,87,62,0.007816,0.2471,0.008654,0.2999,0.794,295,107,23,206
3,"age,sex,cp,trestbps,chol,restecg,thalach,oldpeak,slope,ca",174,83,56,0.001667,0.0,0.005691,0.072,0.8669,271,37,47,276
3,"sex,cp,trestbps,chol,restecg,thalach,oldpeak,slope,ca",189,92,46,0.003162,0.195,0.01,0.2425,0.832,240,28,78,285
3,"cp,trestbps,chol,fbs,restecg,thalach,oldpeak,slope,ca",162,74,34,0.002816,0.0,1e-06,0.2502,0.8399,294,77,24,236
3,"age,cp,trestbps,chol,restecg,thalach,oldpeak,slope,ca",163,108,37,0.007649,0.3245,0.001903,0.204,0.8605,277,47,41,266
3,"age,cp,trestbps,chol,restecg,thalach,oldpeak,slope,ca",167,120,63,0.009056,0.1905,0.001875,0.1755,0.851,284,60,34,253
3,"cp,trestbps,chol,restecg,thalach,oldpeak,slope,ca",145,90,43,0.006154,0.0801,0.002102,0.0515,0.8526,266,41,52,272
3,"cp,trestbps,chol,restecg,thalach,oldpeak,slope,ca",163,108,37,0.007649,0.3245,0.000182,0.2132,0.8494,282,59,36,254
3,"age,cp,trestbps,chol,restecg,thalach,oldpeak,slope,ca",163,108,37,0.007649,0.3245,0.001903,0.204,0.8542,278,52,40,261
3,"age,cp,trestbps,chol,fbs,restecg,thalach,oldpeak,slope,ca",162,80,52,0.002172,0.3857,0.00753,0.0283,0.8463,270,49,48,264
3,"cp,trestbps,chol,fbs,restecg,thalach,oldpeak,slope,ca",153,128,32,0.004009,0.1581,0.000241,0.2904,0.8653,264,31,54,282
3,"age,cp,trestbps,chol,restecg,thalach,oldpeak,slope,ca",163,99,53,0.001911,0.1054,0.001903,0.204,0.8542,275,49,43,264
3,"age,cp,trestbps,chol,restecg,thalach,oldpeak,slope,ca",189,108,37,0.007649,0.3245,0.001903,0.204,0.8685,278,43,40,270
3,"cp,trestbps,chol,restecg,thalach,oldpeak,slope,ca",184,85,35,0.007152,0.289,0.00118,0.2782,0.8558,280,53,38,260
3,"cp,trestbps,chol,restecg,thalach,oldpeak,slope,ca",189,92,46,0.003162,0.195,0.002214,0.2425,0.8415,247,29,71,284
3,"age,cp,trestbps,chol,fbs,restecg,thalach,oldpeak,slope,ca",144,117,36,0.002378,0.1111,0.001075,0.1735,0.8082,208,11,110,302
3,"cp,trestbps,chol,oldpeak,slope,ca",172,75,47,0.002816,0.0,1e-06,0.2502,0.8399,276,59,42,254
3,"age,cp,trestbps,chol,fbs,restecg,thalach,oldpeak,slope,ca",183,109,54,0.005768,0.117,0.008981,0.1377,0.8384,274,58,44,255
3,"age,cp,trestbps,chol,fbs,restecg,thalach,exang,oldpeak,slope,ca",162,74,34,0.007243,0.1533,0.009672,0.2424,0.8748,276,37,42,276
3,"age,sex,cp,trestbps,chol,restecg,thalach,oldpeak,slope,ca",189,99,53,0.001911,0.1054,0.001903,0.204,0.8605,261,31,57,282
3,"age,cp,trestbps,chol,fbs,restecg,thalach,oldpeak,slope,ca",155,118,39,0.006461,0.3053,0.006648,0.1396,0.8621,277,46,41,267
3,"age,cp,trestbps,chol,restecg,thalach,exang,oldpeak,slope,ca",163,108,37,0.01,0.3245,0.001903,0.204,0.8542,276,50,42,263
3,"sex,cp,trestbps,chol,restecg,thalach,oldpeak,slope,ca",173,120,45,0.00782,0.1657,1e-06,0.2494,0.8621,276,45,42,268
3,"cp,trestbps,chol,thalach,oldpeak,slope,ca",134,88,55,0.007523,0.3851,0.001616,0.2107,0.8193,223,19,95,294
3,"age,cp,trestbps,chol,restecg,thalach,oldpeak,slope,ca",131,83,52,0.0001,0.1357,0.006992,0.1521,0.8273,247,38,71,275
3,"cp,trestbps,chol,fbs,restecg,thalach,oldpeak,slope,ca",162,74,34,0.002816,0.0,1e-06,0.2502,0.8669,279,45,39,268
3,"cp,trestbps,chol,restecg,thalach,oldpeak,slope,ca",189,92,46,0.003162,0.195,0.002214,0.2425,0.8637,275,43,43,270
3,"age,cp,trestbps,chol,fbs,restecg,thalach,oldpeak,slope,ca",190,105,58,0.003048,0.1256,0.002549,0.0104,0.8447,288,68,30,245
3,"sex,cp,trestbps,chol,fbs,restecg,thalach,oldpeak,slope,ca",155,118,39,0.01,0.3053,0.006648,0.2132,0.8209,299,94,19,219
3,"cp,trestbps,chol,fbs,restecg,thalach,oldpeak,slope,ca",155,118,39,0.006461,0.3053,0.006648,0.2132,0.7813,187,7,131,306
3,"cp,trestbps,chol,fbs,restecg,thalach,oldpeak,slope,ca",162,74,34,0.002816,0.0,1e-06,0.2502,0.8732,273,35,45,278
3,"age,cp,trestbps,chol,restecg,thalach,oldpeak,slope,ca",135,77,59,0.007465,0.0981,0.006876,0.2319,0.832,230,18,88,295
3,"sex,cp,trestbps,chol,restecg,thalach,oldpeak,slope,ca",173,120,45,0.00782,0.1657,1e-06,0.2494,0.8621,263,32,55,281
3,"cp,trestbps,chol,restecg,thalach,oldpeak,slope,ca",163,108,37,0.007649,0.3245,0.000182,0.2132,0.8685,271,36,47,277
3,"age,sex,cp,trestbps,chol,restecg,thalach,oldpeak,slope,ca",175,83,56,0.001667,0.1199,0.005691,0.1315,0.8558,284,57,34,256
3,"sex,cp,trestbps,chol,restecg,thalach,oldpeak,slope,ca",173,120,45,0.00782,0.1657,1e-06,0.2494,0.8653,266,33,52,280
3,"age,cp,trestbps,chol,fbs,restecg,thalach,oldpeak,slope,ca",155,118,39,0.006461,0.3053,0.006648,0.1396,0.8352,229,15,89,298
3,"sex,cp,trestbps,chol,fbs,restecg,thalach,oldpeak,slope,ca",174,99,39,0.006461,0.3053,0.006648,0.2132,0.8399,290,73,28,240
3,"age,sex,cp,trestbps,chol,restecg,thalach,oldpeak,slope,ca",175,83,56,0.001667,0.1199,0.005691,0.1315,0.8415,231,13,87,300
3,"age,sex,cp,trestbps,chol,restecg,thalach,oldpeak,slope,ca",175,83,56,0.001667,0.1199,0.005691,0.1315,0.8542,265,39,53,274
3,"age,cp,trestbps,chol,fbs,restecg,thalach,oldpeak,slope,ca",183,109,54,0.005768,0.117,0.005326,0.1377,0.8051,294,99,24,214
3,"cp,trestbps,chol,restecg,thalach,oldpeak,slope,ca",134,88,55,0.007523,0.3851,0.001616,0.2107,0.8653,273,40,45,273
3,"age,cp,trestbps,chol,thalach,oldpeak,slope,ca",162,108,37,0.007649,0.3245,1e-06,0.2821,0.8494,259,36,59,277
3,"cp,trestbps,chol,thalach,oldpeak,slope,ca",167,120,63,0.009056,0.1905,0.001875,0.1755,0.8494,253,30,65,283
3,"cp,trestbps,chol,oldpeak,slope,ca",172,75,47,0.002816,0.0,1e-06,0.2502,0.8336,234,21,84,292
3,"age,cp,trestbps,chol,restecg,thalach,oldpeak,slope,ca",163,108,59,0.007465,0.0981,0.006876,0.2319,0.8003,203,11,115,302
3,"cp,trestbps,chol,restecg,thalach,exang,oldpeak,slope,ca",134,77,36,0.007649,0.3245,0.000182,0.2132,0.8653,275,42,43,271
3,"cp,trestbps,chol,fbs,restecg,thalach,oldpeak,slope,ca",162,74,34,0.002816,0.0,1e-06,0.2502,0.8637,268,36,50,277
3,"age,cp,trestbps,chol,fbs,restecg,thalach,oldpeak,slope,ca",153,128,32,0.004009,0.1581,0.000241,0.2904,0.87,277,41,41,272
3,"cp,trestbps,chol,fbs,restecg,thalach,oldpeak,slope,ca",135,77,59,0.00782,0.1158,0.000593,0.0762,0.8479,250,28,68,285
3,"age,cp,trestbps,chol,restecg,thalach,oldpeak,slope,ca",162,74,45,0.007465,0.0981,0.006876,0.2319,0.7829,295,114,23,199
3,"cp,trestbps,chol,oldpeak,slope,ca",162,74,45,0.00782,0.1158,0.000593,0.0762,0.8352,284,70,34,243
3,"age,sex,cp,trestbps,chol,fbs,restecg,thalach,oldpeak,slope,ca",172,75,47,0.002816,0.0,1e-06,0.2502,0.8732,274,36,44,277
3,"age,cp,trestbps,chol,restecg,thalach,oldpeak,slope,ca",189,103,61,0.008603,0.3687,0.002427,0.0311,0.8463,255,34,63,279
3,"age,cp,trestbps,chol,oldpeak,slope,ca",185,99,53,0.001911,0.1054,0.001903,0.204,0.8447,250,30,68,283
4,"cp,trestbps,chol,restecg,thalach,oldpeak,slope,ca",175,83,56,0.001667,0.1199,0.005691,0.1315,0.8605,276,46,42,267
4,"age,sex,cp,trestbps,chol,thalach,oldpeak,slope,ca",167,120,63,0.009056,0.1905,0.001875,0.1755,0.8637,256,24,62,289
4,"cp,trestbps,chol,restecg,thalach,exang,oldpeak,slope,ca",145,89,42,0.006154,0.0801,0.002102,0.0515,0.8542,258,32,60,281
4,"age,cp,trestbps,chol,fbs,restecg,thalach,oldpeak,slope,ca",162,74,34,0.007243,0.1533,0.009672,0.2424,0.8431,255,36,63,277
4,"cp,trestbps,chol,restecg,thalach,oldpeak,slope,ca",153,128,32,0.004009,0.195,0.002214,0.2425,0.8479,287,65,31,248
4,"age,cp,trestbps,chol,fbs,restecg,thalach,oldpeak,slope,ca",189,92,46,0.003162,0.1581,0.000241,0.2904,0.859,278,49,40,264
4,"age,cp,trestbps,chol,fbs,restecg,thalach,oldpeak,slope,ca",144,117,36,0.002378,0.195,0.002214,0.1735,0.8653,272,39,46,274
4,"cp,trestbps,chol,restecg,thalach,oldpeak,slope,ca",189,92,46,0.003162,0.1111,0.001075,0.2425,0.8494,270,47,48,266
4,"cp,trestbps,chol,restecg,thalach,exang,oldpeak,slope,ca",134,77,36,0.007649,0.3245,0.000182,0.2132,0.8605,264,34,54,279
4,"cp,trestbps,chol,restecg,thalach,oldpeak,slope,ca",163,108,37,0.007649,0.3245,0.000182,0.2132,0.8685,274,39,44,274
4,"cp,trestbps,chol,thalach,oldpeak,slope,ca",167,120,63,0.009056,0.1905,0.001875,0.1755,0.8494,276,53,42,260
4,"cp,trestbps,chol,fbs,restecg,thalach,oldpeak,slope,ca",162,74,34,0.002816,0.0,1e-06,0.2502,0.859,283,54,35,259
4,"age,cp,trestbps,chol,fbs,restecg,thalach,oldpeak,slope,ca",172,75,47,0.002816,0.0,1e-06,0.2502,0.8621,268,37,50,276
4,"age,sex,cp,trestbps,chol,fbs,restecg,thalach,exang,oldpeak,slope,ca",162,74,34,0.007243,0.1533,0.009672,0.2424,0.7559,307,143,11,170
4,"age,cp,trestbps,chol,fbs,restecg,thalach,exang,oldpeak,slope,ca",162,74,34,0.007243,0.1533,0.009672,0.2424,0.8526,273,48,45,265
4,"age,cp,trestbps,chol,fbs,restecg,thalach,exang,oldpeak,slope,ca",162,74,34,0.007243,0.1533,0.009672,0.2424,0.8082,299,102,19,211
4,"cp,trestbps,chol,restecg,thalach,oldpeak,slope,ca",173,120,45,0.00782,0.1657,0.002214,0.2425,0.8542,273,47,45,266
4,"sex,cp,trestbps,chol,restecg,thalach,oldpeak,slope,ca",189,92,46,0.003162,0.195,1e-06,0.2494,0.859,280,51,38,262
4,"age,cp,trestbps,chol,restecg,thalach,oldpeak,slope,ca",163,99,53,0.001911,0.1054,0.001903,0.204,0.8605,276,46,42,267
4,"cp,trestbps,chol,fbs,restecg,thalach,oldpeak,slope,ca",162,74,34,0.002816,0.0,1e-06,0.2502,0.8574,260,32,58,281
4,"cp,trestbps,chol,restecg,thalach,oldpeak,slope,ca",162,74,34,0.002816,0.0,1e-06,0.2502,0.8368,286,71,32,242
4,"age,cp,trestbps,chol,fbs,restecg,thalach,oldpeak,slope,ca",163,99,53,0.001911,0.1054,0.001903,0.204,0.8288,293,83,25,230
4,"age,sex,cp,trestbps,chol,restecg,thalach,oldpeak,slope,ca",174,83,56,0.001667,0.0,0.005691,0.072,0.8574,279,51,39,262
4,"age,cp,trestbps,chol,restecg,thalach,oldpeak,slope,ca",189,108,37,0.007649,0.3245,0.001903,0.204,0.8605,263,33,55,280
4,"age,cp,trestbps,chol,restecg,thalach,oldpeak,slope,ca",163,99,53,0.001911,0.1054,0.001903,0.204,0.8542,272,46,46,267
4,"sex,cp,trestbps,chol,restecg,thalach,oldpeak,slope,ca",173,120,45,0.00782,0.1657,1e-06,0.2494,0.8605,275,45,43,268
4,"age,sex,cp,trestbps,chol,fbs,restecg,thalach,exang,oldpeak,slope,ca",172,75,47,0.002816,0.0299,1e-06,0.204,0.8558,254,27,64,286
4,"age,sex,cp,trestbps,chol,restecg,thalach,oldpeak,slope,ca",189,99,53,0.001911,0.1054,0.001903,0.2502,0.8336,228,15,90,298
4,"age,sex,cp,trestbps,chol,restecg,thalach,oldpeak,slope,ca",175,83,56,0.001667,0.1199,0.005691,0.1315,0.8463,241,20,77,293
4,"age,cp,trestbps,chol,fbs,restecg,thalach,oldpeak,slope,ca",155,118,39,0.006461,0.3053,0.006648,0.1396,0.8637,277,45,41,268
4,"cp,trestbps,chol,fbs,restecg,thalach,oldpeak,slope,ca",153,128,32,0.004009,0.1581,0.000241,0.2904,0.8716,279,42,39,271
4,"cp,trestbps,chol,restecg,thalach,exang,oldpeak,slope,ca",134,77,36,0.007649,0.3245,0.000182,0.2132,0.8621,274,43,44,270
4,"cp,trestbps,chol,restecg,thalach,oldpeak,slope,ca",163,108,37,0.007649,0.3245,0.000182,0.2132,0.859,247,18,71,295
4,"age,cp,trestbps,chol,restecg,thalach,oldpeak,slope,ca",167,120,63,0.009056,0.1905,0.001875,0.1755,0.8542,281,55,37,258
4,"age,cp,trestbps,chol,fbs,restecg,thalach,oldpeak,slope,ca",153,128,32,0.004009,0.1581,0.000241,0.2904,0.8574,265,37,53,276
4,"cp,trestbps,chol,fbs,restecg,thalach,oldpeak,slope,ca",153,128,32,0.004009,0.1581,0.000241,0.2904,0.859,252,23,66,290
4,"age,sex,cp,trestbps,chol,restecg,thalach,oldpeak,slope,ca",189,99,53,0.001911,0.1054,0.001903,0.204,0.8415,235,17,83,296
4,"cp,trestbps,chol,restecg,thalach,oldpeak,slope,ca",189,92,46,0.003162,0.195,0.002214,0.2425,0.8605,270,40,48,273
4,"cp,trestbps,chol,fbs,restecg,oldpeak,slope,ca",172,75,47,0.002816,0.0,1e-06,0.2502,0.8542,284,58,34,255
4,"cp,trestbps,chol,thalach,oldpeak,slope,ca",162,74,34,0.002816,0.0,1e-06,0.2502,0.832,232,20,86,293
4,"cp,trestbps,chol,restecg,thalach,exang,oldpeak,slope,ca",134,77,36,0.007649,0.3245,0.000182,0.2132,0.8685,266,31,52,282
4,"age,cp,trestbps,chol,restecg,thalach,oldpeak,slope,ca",163,108,37,0.007649,0.3245,0.001903,0.204,0.8558,282,55,36,258
4,"age,cp,trestbps,chol,restecg,thalach,oldpeak,slope,ca",131,83,52,0.0001,0.1357,0.006992,0.1521,0.8273,294,85,24,228
4,"cp,trestbps,chol,restecg,thalach,oldpeak,slope,ca",189,92,46,0.003162,0.195,0.002214,0.2425,0.8352,285,71,33,242
4,"sex,cp,trestbps,chol,restecg,thalach,oldpeak,slope,ca",173,120,45,0.00782,0.1657,1e-06,0.2132,0.8558,279,52,39,261
4,"cp,trestbps,chol,restecg,thalach,exang,oldpeak,slope,ca",134,77,36,0.007649,0.3245,0.000182,0.2494,0.8574,275,47,43,266
4,"cp,trestbps,chol,restecg,thalach,oldpeak,slope,ca",189,92,46,0.003162,0.195,0.002214,0.2425,0.8494,286,63,32,250
4,"age,cp,trestbps,chol,restecg,thalach,oldpeak,slope,ca",135,77,59,0.007465,0.0981,0.006876,0.2319,0.8146,293,92,25,221
4,"age,sex,cp,trestbps,chol,fbs,restecg,thalach,oldpeak,slope,ca",172,75,47,0.002816,0.0,1e-06,0.2502,0.8669,264,30,54,283
4,"age,cp,trestbps,chol,fbs,restecg,thalach,oldpeak,slope,ca",155,118,39,0.006461,0.3053,0.006648,0.1396,0.8304,294,83,24,230
4,"age,sex,cp,trestbps,chol,fbs,restecg,thalach,oldpeak,slope,ca",172,75,47,0.002816,0.0,1e-06,0.2502,0.87,275,39,43,274
4,"age,sex,cp,trestbps,chol,restecg,thalach,oldpeak,slope,ca",189,99,53,0.001911,0.1054,0.001903,0.204,0.859,261,32,57,281
4,"age,sex,cp,trestbps,chol,fbs,restecg,thalach,oldpeak,slope,ca",189,108,37,0.007649,0.3245,0.001903,0.2502,0.8685,275,40,43,273
4,"age,cp,trestbps,chol,restecg,thalach,oldpeak,slope,ca",172,75,47,0.002816,0.0,1e-06,0.204,0.8558,267,40,51,273
4,"cp,trestbps,chol,thalach,oldpeak,slope,ca",162,108,37,0.007649,0.1111,0.001075,0.1735,0.8431,257,38,61,275
4,"age,cp,trestbps,chol,fbs,restecg,thalach,oldpeak,slope,ca",144,117,36,0.002378,0.3245,1e-06,0.2821,0.8526,256,31,62,282
4,"age,cp,trestbps,chol,fbs,restecg,thalach,oldpeak,slope,ca",189,108,37,0.007649,0.3245,0.001903,0.204,0.8542,255,29,63,284
4,"cp,trestbps,chol,fbs,restecg,thalach,oldpeak,slope,ca",144,117,36,0.002378,0.1111,0.001075,0.1735,0.8637,258,26,60,287
4,"age,sex,cp,trestbps,chol,fbs,restecg,thalach,oldpeak,slope,ca",172,75,47,0.002816,0.0,1e-06,0.2502,0.8716,277,40,41,273
4,"cp,trestbps,chol,restecg,thalach,oldpeak,slope,ca",145,90,43,0.006154,0.0801,0.002102,0.0515,0.8067,294,98,24,215
4,"cp,trestbps,chol,thalach,oldpeak,slope,ca",162,108,37,0.007649,0.3245,0.000241,0.2904,0.851,278,54,40,259
4,"age,cp,trestbps,chol,fbs,restecg,thalach,oldpeak,slope,ca",153,128,32,0.004009,0.1581,1e-06,0.2821,0.8574,260,32,58,281
4,"age,sex,cp,trestbps,chol,restecg,thalach,oldpeak,slope,ca",172,75,47,0.002816,0.0,1e-06,0.2502,0.8685,269,34,49,279
4,"age,cp,trestbps,chol,fbs,restecg,thalach,oldpeak,slope,ca",167,120,63,0.009056,0.1905,0.001875,0.1755,0.8621,280,49,38,264
5,"age,cp,trestbps,chol,restecg,thalach,exang,oldpeak,slope,ca",155,118,39,0.006461,0.3053,0.006648,0.1396,0.8574,251,23,67,290
5,"cp,trestbps,chol,fbs,restecg,thalach,oldpeak,slope,ca",134,77,36,0.007649,0.3245,0.000182,0.2132,0.8574,265,37,53,276
5,"age,sex,cp,trestbps,chol,fbs,restecg,thalach,exang,oldpeak,slope,ca",172,75,47,0.002816,0.0838,1e-06,0.2502,0.8447,293,73,25,240
5,"cp,trestbps,chol,restecg,thalach,oldpeak,slope,ca",163,108,37,0.007649,0.3245,0.000182,0.2132,0.8479,253,31,65,282
5,"cp,trestbps,chol,fbs,restecg,thalach,oldpeak,slope,ca",144,117,36,0.002378,0.1111,0.001075,0.1735,0.8463,280,59,38,254
5,"age,sex,cp,trestbps,chol,fbs,restecg,thalach,oldpeak,slope,ca",172,75,47,0.002816,0.0,1e-06,0.2502,0.8494,280,57,38,256
5,"sex,cp,trestbps,chol,restecg,thalach,oldpeak,slope,ca",173,120,45,0.00782,0.1657,1e-06,0.2132,0.8463,256,35,62,278
5,"age,sex,cp,trestbps,chol,thalach,oldpeak,slope,ca",167,120,63,0.009056,0.1905,0.001875,0.1755,0.8621,285,54,33,259
5,"age,cp,trestbps,chol,restecg,thalach,oldpeak,slope,ca",189,108,37,0.007649,0.3245,0.001903,0.204,0.8558,279,52,39,261
5,"cp,trestbps,chol,restecg,thalach,oldpeak,slope,ca",189,92,46,0.003162,0.195,0.002214,0.2425,0.8479,279,57,39,256
5,"cp,trestbps,chol,restecg,thalach,exang,oldpeak,slope,ca",134,77,36,0.007649,0.3245,0.000182,0.2132,0.8637,270,38,48,275
5,"age,sex,cp,trestbps,chol,thalach,oldpeak,slope,ca",167,120,63,0.009056,0.1905,0.001875,0.1755,0.8653,271,38,47,275
5,"cp,trestbps,chol,restecg,thalach,exang,oldpeak,slope,ca",163,108,36,0.007649,0.3245,0.000182,0.2132,0.8574,263,35,55,278
5,"age,cp,trestbps,chol,fbs,restecg,thalach,oldpeak,slope,ca",167,120,63,0.009056,0.1905,0.001875,0.1755,0.859,265,36,53,277
5,"age,sex,cp,trestbps,chol,fbs,restecg,thalach,oldpeak,slope,ca",153,128,37,0.007649,0.3245,0.001903,0.2502,0.8574,254,26,64,287
5,"cp,trestbps,chol,fbs,restecg,thalach,oldpeak,slope,ca",189,108,32,0.004009,0.1581,0.000241,0.2904,0.8558,247,20,71,293
5,"cp,trestbps,chol,fbs,restecg,oldpeak,slope,ca",172,75,46,0.002816,0.0,1e-06,0.2502,0.8431,243,24,75,289
5,"cp,trestbps,chol,restecg,thalach,exang,oldpeak,slope,ca",134,76,36,0.0001,0.3245,0.000182,0.2132,0.8067,262,66,56,247
5,"age,cp,trestbps,chol,fbs,restecg,thalach,oldpeak,slope,ca",172,75,47,0.002816,0.0,1e-06,0.2502,0.8637,273,41,45,272
5,"age,sex,cp,trestbps,chol,fbs,restecg,thalach,oldpeak,slope,ca",172,75,47,0.002816,0.0,1e-06,0.2502,0.8637,263,31,55,282
5,"age,cp,trestbps,chol,fbs,restecg,thalach,oldpeak,slope,ca",167,120,63,0.009056,0.1905,0.001875,0.1755,0.8558,290,63,28,250
5,"cp,trestbps,chol,fbs,restecg,thalach,oldpeak,slope,ca",144,117,36,0.002378,0.1111,0.001075,0.1735,0.8098,297,99,21,214
5,"age,sex,cp,trestbps,chol,fbs,restecg,thalach,oldpeak,slope,ca",172,75,47,0.002816,0.0,1e-06,0.2502,0.8716,284,47,34,266
5,"age,sex,cp,trestbps,chol,fbs,restecg,thalach,oldpeak,slope,ca",172,75,47,0.002816,0.0,1e-06,0.2502,0.8637,270,38,48,275
5,"sex,cp,trestbps,chol,fbs,restecg,thalach,oldpeak,slope,ca",173,120,45,0.00782,0.1657,1e-06,0.2494,0.8748,277,38,41,275
5,"age,sex,cp,trestbps,chol,restecg,thalach,oldpeak,slope,ca",189,108,37,0.007649,0.3245,0.001903,0.2502,0.8542,268,42,50,271
5,"cp,trestbps,chol,fbs,restecg,thalach,oldpeak,slope,ca",153,128,32,0.004009,0.1581,0.000241,0.2904,0.8716,282,45,36,268
5,"age,cp,trestbps,chol,fbs,restecg,thalach,oldpeak,slope,ca",144,117,36,0.002378,0.195,0.002214,0.1735,0.8384,236,20,82,293
5,"age,cp,trestbps,chol,restecg,thalach,exang,oldpeak,slope,ca",144,117,36,0.002378,0.195,0.002214,0.1735,0.859,258,29,60,284
5,"cp,trestbps,chol,fbs,restecg,thalach,oldpeak,slope,ca",134,77,36,0.007649,0.3245,0.000182,0.2494,0.8574,269,41,49,272
5,"age,cp,trestbps,chol,thalach,oldpeak,slope,ca",167,120,63,0.009056,0.1905,0.001875,0.204,0.851,275,51,43,262
5,"age,sex,cp,trestbps,chol,restecg,thalach,oldpeak,slope,ca",163,108,37,0.007649,0.3245,0.001903,0.1755,0.8526,278,53,40,260
5,"age,cp,trestbps,chol,fbs,restecg,thalach,oldpeak,slope,ca",144,117,36,0.002378,0.1054,0.001903,0.204,0.87,272,36,46,277
5,"age,cp,trestbps,chol,restecg,thalach,oldpeak,slope,ca",163,99,53,0.001911,0.195,0.002214,0.1735,0.8368,284,69,34,244
5,"cp,trestbps,chol,fbs,restecg,thalach,oldpeak,slope,ca",189,128,32,0.004009,0.1581,0.000241,0.2904,0.8748,280,41,38,272
5,"age,cp,trestbps,chol,fbs,restecg,thalach,oldpeak,slope,ca",153,92,46,0.003162,0.1581,0.000241,0.2904,0.8669,276,42,42,271
5,"age,sex,cp,trestbps,chol,fbs,restecg,thalach,exang,oldpeak,slope,ca",172,75,47,0.002816,0.0,1e-06,0.2588,0.8827,275,31,43,282
5,"age,sex,cp,trestbps,chol,restecg,thalach,oldpeak,slope,ca",174,83,56,0.001667,0.0,0.005691,0.072,0.8162,299,97,19,216
5,"cp,trestbps,chol,thalach,oldpeak,slope,ca",162,108,37,0.007649,0.1111,0.001075,0.1735,0.8463,287,66,31,247
5,"age,cp,trestbps,chol,fbs,restecg,thalach,oldpeak,slope,ca",153,128,32,0.004009,0.1581,0.000241,0.2904,0.8637,281,49,37,264
5,"age,sex,cp,trestbps,chol,restecg,thalach,oldpeak,slope,ca",172,75,56,0.001667,0.0,0.005691,0.072,0.87,274,38,44,275
5,"age,sex,cp,trestbps,chol,fbs,restecg,thalach,oldpeak,slope,ca",174,83,47,0.002816,0.0,1e-06,0.2502,0.8685,271,36,47,277
5,"age,sex,cp,trestbps,chol,fbs,restecg,thalach,oldpeak,slope,ca",172,75,47,0.002816,0.0,1e-06,0.2502,0.8368,233,18,85,295
5,"age,sex,cp,trestbps,chol,fbs,restecg,thalach,oldpeak,slope,ca",172,75,47,0.002816,0.0,1e-06,0.2502,0.8685,273,38,45,275
5,"cp,trestbps,chol,fbs,restecg,thalach,oldpeak,slope,ca",172,75,47,0.002816,0.0,1e-06,0.2502,0.8732,277,39,41,274
5,"cp,trestbps,chol,restecg,oldpeak,slope,ca",163,108,37,0.007649,0.3245,0.000182,0.2132,0.8384,242,26,76,287
5,"cp,trestbps,chol,restecg,thalach,oldpeak,slope,ca",189,92,46,0.003162,0.1111,0.001075,0.2425,0.8463,284,63,34,250
5,"cp,trestbps,chol,fbs,restecg,thalach,oldpeak,slope,ca",153,128,32,0.004009,0.1581,0.000241,0.2904,0.859,278,49,40,264
5,"age,cp,trestbps,chol,fbs,restecg,thalach,oldpeak,slope,ca",144,117,36,0.002378,0.195,0.002214,0.1735,0.8479,243,21,75,292
5,"age,sex,cp,trestbps,chol,restecg,thalach,oldpeak,slope,ca",174,83,56,0.001667,0.0,0.005691,0.072,0.8637,268,36,50,277
5,"cp,trestbps,chol,restecg,thalach,oldpeak,slope,ca",163,108,37,0.007649,0.3245,0.000182,0.2132,0.8621,263,32,55,281
5,"age,cp,trestbps,chol,restecg,thalach,oldpeak,slope,ca",163,99,53,0.001911,0.1054,0.001903,0.204,0.8384,231,15,87,298
5,"age,cp,trestbps,chol,restecg,thalach,oldpeak,slope,ca",163,99,53,0.001911,0.1054,0.001903,0.204,0.8637,275,43,43,270
5,"age,sex,cp,trestbps,chol,fbs,restecg,thalach,oldpeak,slope,ca",172,75,47,0.002816,0.0,1e-06,0.2502,0.8669,257,23,61,290
5,"age,sex,cp,trestbps,chol,restecg,thalach,oldpeak,slope,ca",172,75,47,0.002816,0.0,1e-06,0.2502,0.8494,273,50,45,263
5,"sex,cp,trestbps,chol,fbs,restecg,thalach,exang,oldpeak,slope,ca",162,74,34,0.01,0.0,1e-06,0.133,0.8542,251,25,67,288
5,"cp,trestbps,chol,thalach,oldpeak,slope,ca",167,120,63,0.009056,0.1905,0.001875,0.1755,0.8431,250,31,68,282
5,"age,sex,cp,trestbps,chol,restecg,thalach,oldpeak,slope,ca",163,108,37,0.007649,0.3245,0.000182,0.2132,0.8637,265,33,53,280
5,"age,cp,trestbps,chol,fbs,restecg,thalach,oldpeak,slope,ca",189,92,46,0.003162,0.1581,0.000241,0.2904,0.8637,279,47,39,266
5,"age,cp,trestbps,chol,fbs,restecg,thalach,oldpeak,slope,ca",167,120,63,0.009056,0.1905,0.001875,0.3,0.8669,282,48,36,265
5,"sex,cp,trestbps,chol,restecg,thalach,oldpeak,slope,ca",189,92,46,0.003162,0.195,1e-06,0.2494,0.851,246,22,72,291
5,"cp,trestbps,chol,restecg,thalach,exang,oldpeak,slope,ca",134,77,36,0.007649,0.3245,0.000182,0.2494,0.8574,259,31,59,282
5,"cp,trestbps,chol,fbs,restecg,thalach,oldpeak,slope,ca",134,77,36,0.007649,0.3245,0.000182,0.2132,0.8605,264,34,54,279
5,"cp,trestbps,chol,restecg,thalach,exang,oldpeak,slope,ca",144,117,36,0.002378,0.1111,0.001075,0.1735,0.8526,253,28,65,285
6,"age,cp,trestbps,chol,fbs,restecg,thalach,oldpeak,slope,ca",144,117,36,0.002378,0.1054,0.001903,0.204,0.8605,265,35,53,278
6,"age,cp,trestbps,chol,fbs,restecg,thalach,oldpeak,slope,ca",153,128,32,0.004009,0.1581,0.000241,0.2904,0.8685,283,48,35,265
6,"age,sex,cp,trestbps,chol,restecg,thalach,oldpeak,slope,ca",174,83,56,0.001667,0.0,0.01,0.072,0.8558,257,30,61,283
6,"cp,trestbps,chol,fbs,restecg,thalach,oldpeak,slope,ca",153,128,32,0.004009,0.1581,0.000241,0.2904,0.8748,279,40,39,273
6,"age,sex,cp,trestbps,chol,fbs,restecg,thalach,oldpeak,slope,ca",172,75,47,0.002816,0.0,1e-06,0.2502,0.8716,257,20,61,293
6,"sex,cp,trestbps,chol,fbs,restecg,thalach,oldpeak,slope,ca",173,120,45,0.00782,0.1657,1e-06,0.2494,0.8685,270,35,48,278
6,"age,sex,cp,trestbps,chol,restecg,thalach,oldpeak,slope,ca",163,108,37,0.0001,0.3668,0.000182,0.2132,0.8209,241,36,77,277
6,"age,cp,trestbps,chol,fbs,restecg,thalach,oldpeak,slope,ca",144,117,36,0.002378,0.1054,0.001903,0.204,0.8494,279,56,39,257
6,"age,sex,cp,trestbps,chol,thalach,oldpeak,slope,ca",167,120,63,0.009056,0.1905,0.001875,0.1755,0.8479,251,29,67,284
6,"age,sex,cp,trestbps,chol,fbs,restecg,thalach,oldpeak,slope,ca",172,75,47,0.002816,0.0,1e-06,0.2502,0.87,275,39,43,274
6,"cp,trestbps,chol,fbs,restecg,thalach,oldpeak,slope,ca",153,127,32,0.004009,0.1581,0.000241,0.2272,0.8574,259,31,59,282
6,"cp,trestbps,chol,fbs,restecg,thalach,exang,oldpeak,slope,ca",153,128,32,0.004009,0.1581,0.000241,0.2904,0.859,272,43,46,270
6,"age,sex,cp,trestbps,chol,fbs,restecg,thalach,oldpeak,slope,ca",172,75,47,0.002816,0.0,1e-06,0.2502,0.8526,281,56,37,257
6,"age,cp,trestbps,chol,fbs,restecg,thalach,oldpeak,slope,ca",153,92,46,0.003162,0.1581,0.000241,0.2904,0.8637,268,36,50,277
6,"age,sex,cp,trestbps,chol,fbs,thalach,oldpeak,slope,ca",167,120,63,0.009056,0.1905,0.001875,0.1755,0.859,265,36,53,277
6,"cp,trestbps,chol,restecg,thalach,exang,oldpeak,slope,ca",144,117,36,0.002378,0.1111,0.001075,0.1735,0.8685,265,30,53,283
6,"cp,trestbps,chol,restecg,thalach,oldpeak,slope,ca",163,108,37,0.0001,0.2892,0.000241,0.2132,0.851,262,38,56,275
6,"age,sex,cp,trestbps,chol,fbs,restecg,thalach,oldpeak,slope,ca",153,92,46,0.003162,0.0178,0.000182,0.2904,0.8574,285,57,33,256
6,"age,sex,cp,trestbps,chol,restecg,thalach,oldpeak,slope,ca",172,75,56,0.001667,0.0,0.005691,0.072,0.8368,292,77,26,236
6,"age,sex,cp,trestbps,chol,restecg,thalach,oldpeak,slope,ca",174,83,56,0.001667,0.0,0.005691,0.072,0.813,286,86,32,227
6,"age,sex,cp,trestbps,chol,fbs,restecg,thalach,oldpeak,slope,ca",172,75,47,0.002816,0.0,1e-06,0.2502,0.832,290,78,28,235
6,"age,cp,trestbps,chol,fbs,restecg,thalach,oldpeak,slope,ca",153,128,32,0.004009,0.1581,0.000241,0.2904,0.8574,257,29,61,284
6,"age,cp,trestbps,chol,fbs,restecg,thalach,oldpeak,slope,ca",172,75,36,0.002378,0.195,0.002214,0.1735,0.8304,225,14,93,299
6,"age,cp,trestbps,chol,restecg,thalach,exang,oldpeak,slope,ca",144,117,47,0.002816,0.0,1e-06,0.2502,0.859,266,37,52,276
6,"age,sex,cp,trestbps,chol,restecg,thalach,oldpeak,slope,ca",174,83,56,0.001667,0.0,0.005691,0.072,0.8574,270,42,48,271
6,"age,sex,cp,trestbps,chol,thalach,oldpeak,slope,ca",167,120,63,0.009056,0.1905,0.001875,0.1755,0.8605,260,30,58,283
6,"cp,trestbps,chol,fbs,restecg,thalach,exang,oldpeak,slope,ca",153,128,32,0.004009,0.1581,1e-06,0.2904,0.859,261,32,57,281
6,"age,cp,trestbps,chol,fbs,restecg,thalach,oldpeak,slope,ca",153,92,46,0.003162,0.1581,0.000241,0.2904,0.8637,276,44,42,269
6,"age,cp,trestbps,chol,fbs,restecg,thalach,oldpeak,slope,ca",153,92,46,0.003162,0.1581,0.000241,0.2904,0.8669,274,40,44,273
6,"age,sex,cp,trestbps,chol,thalach,oldpeak,slope,ca",167,120,63,0.009056,0.1905,0.001875,0.1755,0.8716,271,34,47,279
6,"cp,trestbps,chol,fbs,restecg,thalach,oldpeak,slope,ca",153,128,32,0.004009,0.1581,0.000241,0.2904,0.859,273,44,45,269
6,"cp,trestbps,chol,fbs,restecg,thalach,oldpeak,slope,ca",134,77,36,0.007649,0.3245,0.000182,0.2132,0.8479,252,30,66,283
6,"age,sex,cp,trestbps,chol,restecg,thalach,oldpeak,slope,ca",172,75,56,0.001667,0.0,0.005691,0.072,0.7876,299,115,19,198
6,"age,sex,cp,trestbps,chol,fbs,restecg,thalach,oldpeak,slope,ca",153,128,37,0.007649,0.3245,0.001903,0.2502,0.851,247,23,71,290
6,"cp,trestbps,chol,restecg,thalach,oldpeak,slope,ca",189,108,37,0.007649,0.3245,0.001903,0.2425,0.8621,275,44,43,269
6,"age,sex,cp,trestbps,chol,restecg,thalach,oldpeak,slope,ca",189,92,46,0.003162,0.195,0.002214,0.2502,0.851,253,29,65,284
6,"cp,trestbps,chol,restecg,thalach,exang,oldpeak,slope,ca",134,77,36,0.007649,0.3245,0.000182,0.2132,0.8526,274,49,44,264
6,"cp,trestbps,chol,restecg,thalach,exang,oldpeak,slope,ca",134,77,36,0.007649,0.3245,0.000182,0.2132,0.8669,270,36,48,277
6,"age,cp,trestbps,chol,restecg,thalach,oldpeak,slope,ca",163,99,53,0.001911,0.1054,0.001903,0.204,0.8479,283,61,35,252
6,"age,cp,trestbps,chol,restecg,thalach,oldpeak,slope,ca",163,99,53,0.001911,0.1054,0.001903,0.204,0.8035,207,13,111,300
6,"age,sex,cp,trestbps,chol,fbs,restecg,thalach,oldpeak,slope,ca",172,75,47,0.002816,0.0,1e-06,0.2502,0.8431,287,68,31,245
6,"age,sex,cp,trestbps,chol,fbs,restecg,thalach,oldpeak,slope,ca",172,75,47,0.002816,0.0,1e-06,0.2502,0.8669,266,32,52,281
6,"cp,trestbps,chol,fbs,restecg,thalach,oldpeak,slope,ca",134,77,36,0.007649,0.3245,0.000182,0.2132,0.8621,261,30,57,283
6,"cp,trestbps,chol,fbs,restecg,thalach,oldpeak,slope,ca",189,128,32,0.004009,0.1581,0.000241,0.2904,0.8526,288,63,30,250
6,"age,cp,trestbps,chol,restecg,thalach,exang,oldpeak,slope,ca",144,117,36,0.002378,0.195,0.002214,0.1735,0.8415,239,21,79,292
6,"age,sex,cp,trestbps,chol,fbs,restecg,thalach,oldpeak,slope,ca",172,75,47,0.002816,0.0,1e-06,0.2502,0.8669,279,45,39,268
6,"cp,trestbps,chol,restecg,thalach,exang,oldpeak,slope,ca",134,77,36,0.007649,0.3245,0.000182,0.2132,0.8479,246,24,72,289
6,"age,sex,cp,trestbps,chol,fbs,restecg,thalach,oldpeak,slope,ca",172,75,47,0.002816,0.0,1e-06,0.2502,0.8653,268,35,50,278
6,"age,sex,cp,trestbps,chol,thalach,oldpeak,slope,ca",167,120,47,0.002816,0.0,1e-06,0.2502,0.8574,279,51,39,262
6,"age,sex,cp,trestbps,chol,fbs,restecg,thalach,oldpeak,slope,ca",172,75,63,0.009056,0.1905,0.001875,0.1755,0.8637,278,46,40,267
6,"age,sex,cp,trestbps,chol,fbs,restecg,thalach,exang,oldpeak,slope,ca",172,75,47,0.002816,0.0,1e-06,0.2588,0.8653,273,40,45,273
6,"cp,trestbps,chol,fbs,restecg,thalach,oldpeak,slope,ca",134,77,36,0.007649,0.3245,0.000182,0.2132,0.859,256,27,62,286
6,"age,sex,cp,trestbps,chol,fbs,restecg,thalach,oldpeak,slope,ca",172,75,47,0.002816,0.0,1e-06,0.2502,0.8605,259,29,59,284
6,"cp,trestbps,chol,fbs,restecg,thalach,oldpeak,slope,ca",172,75,47,0.002816,0.0,1e-06,0.2502,0.8542,256,30,62,283
6,"age,cp,trestbps,chol,fbs,restecg,thalach,oldpeak,slope,ca",153,92,46,0.003162,0.1581,0.000241,0.2904,0.87,265,29,53,284
6,"age,sex,cp,trestbps,chol,fbs,restecg,thalach,oldpeak,slope,ca",172,75,47,0.002816,0.0,1e-06,0.2502,0.8653,256,23,62,290
6,"age,cp,trestbps,chol,fbs,restecg,thalach,oldpeak,slope,ca",189,92,46,0.003162,0.1581,0.000241,0.2904,0.8479,256,34,62,279
6,"cp,trestbps,chol,fbs,restecg,thalach,oldpeak,slope,ca",172,75,47,0.002816,0.0,1e-06,0.2502,0.8685,276,41,42,272
6,"age,cp,trestbps,chol,fbs,restecg,thalach,oldpeak,slope,ca",189,92,46,0.003162,0.1581,0.000241,0.2904,0.8542,257,31,61,282
6,"cp,trestbps,chol,fbs,restecg,thalach,oldpeak,slope,ca",134,77,36,0.007649,0.3846,1e-06,0.3,0.8526,259,34,59,279
6,"sex,cp,trestbps,chol,fbs,restecg,thalach,exang,oldpeak,slope,ca",162,74,34,0.01,0.0,1e-06,0.133,0.8526,248,23,70,290
6,"age,cp,trestbps,chol,fbs,restecg,thalach,oldpeak,slope,ca",167,120,63,0.009056,0.1905,0.001875,0.1755,0.8368,290,75,28,238
6,"age,cp,trestbps,chol,fbs,restecg,thalach,exang,oldpeak,slope,ca",172,75,47,0.002816,0.0,0.01,0.2502,0.7781,299,121,19,192
6,"cp,trestbps,chol,fbs,restecg,thalach,oldpeak,slope,ca",153,128,32,0.004009,0.1581,0.000241,0.2904,0.859,260,31,58,282
7,"age,sex,cp,trestbps,chol,thalach,oldpeak,slope,ca",166,120,63,0.009056,0.1905,0.000241,0.2904,0.8653,272,39,46,274
7,"age,cp,trestbps,chol,fbs,restecg,thalach,oldpeak,slope,ca",153,92,46,0.003162,0.1581,0.001875,0.1755,0.8605,266,36,52,277
7,"sex,cp,trestbps,chol,fbs,restecg,thalach,oldpeak,slope,ca",173,120,45,0.00782,0.1657,1e-06,0.2494,0.8685,269,34,49,279
7,"cp,trestbps,chol,restecg,thalach,exang,oldpeak,slope,ca",144,117,36,0.002378,0.1111,0.001075,0.1735,0.859,270,41,48,272
7,"cp,trestbps,chol,fbs,restecg,thalach,oldpeak,slope,ca",134,77,36,0.007649,0.0,0.000182,0.2132,0.8637,277,45,41,268
7,"age,cp,trestbps,chol,restecg,thalach,exang,oldpeak,slope,ca",144,117,47,0.002816,0.3245,1e-06,0.2502,0.8621,270,39,48,274
7,"age,sex,cp,trestbps,chol,fbs,restecg,thalach,oldpeak,slope,ca",172,75,47,0.002816,0.0,1e-06,0.2502,0.8605,281,51,37,262
7,"age,sex,cp,trestbps,chol,fbs,restecg,thalach,oldpeak,slope,ca",172,75,47,0.002816,0.0,1e-06,0.2502,0.8574,251,23,67,290
7,"age,sex,cp,trestbps,chol,fbs,restecg,thalach,exang,oldpeak,slope,ca",172,75,46,0.002816,0.0811,1e-06,0.2502,0.8685,263,28,55,285
7,"cp,trestbps,chol,fbs,restecg,thalach,oldpeak,slope,ca",172,75,47,0.002816,0.0,1e-06,0.2502,0.8257,291,83,27,230
7,"age,sex,cp,trestbps,chol,fbs,restecg,thalach,oldpeak,slope,ca",172,75,47,0.002816,0.0,1e-06,0.2502,0.87,275,39,43,274
7,"cp,trestbps,chol,fbs,restecg,thalach,oldpeak,slope,ca",153,128,32,0.004009,0.1581,0.000241,0.2904,0.8653,269,36,49,277
7,"cp,trestbps,chol,fbs,restecg,thalach,exang,oldpeak,slope,ca",153,128,32,0.004009,0.1581,1e-06,0.2904,0.8574,249,21,69,292
7,"cp,trestbps,chol,restecg,thalach,oldpeak,slope,ca",189,108,37,0.007649,0.3509,0.001903,0.2425,0.851,264,40,54,273
7,"age,sex,cp,trestbps,chol,thalach,oldpeak,slope,ca",167,120,63,0.009056,0.1905,0.001875,0.1755,0.8241,225,18,93,295
7,"age,cp,trestbps,chol,fbs,restecg,thalach,oldpeak,slope,ca",153,128,32,0.004009,0.1581,0.000241,0.2904,0.8637,280,48,38,265
7,"age,cp,trestbps,chol,fbs,restecg,thalach,oldpeak,slope,ca",153,128,32,0.004009,0.1581,0.000241,0.2904,0.859,276,47,42,266
7,"cp,trestbps,chol,fbs,restecg,thalach,oldpeak,slope,ca",134,77,36,0.007649,0.3245,0.000182,0.2132,0.859,279,50,39,263
7,"age,cp,trestbps,chol,fbs,restecg,thalach,oldpeak,slope,ca",173,120,45,0.00782,0.1657,0.000241,0.236,0.8431,247,28,71,285
7,"sex,cp,trestbps,chol,fbs,restecg,thalach,oldpeak,slope,ca",153,92,46,0.0001,0.1581,1e-06,0.2744,0.8288,255,45,63,268
7,"cp,trestbps,chol,restecg,thalach,oldpeak,slope,ca",134,77,36,0.007649,0.3245,0.000182,0.2132,0.8574,265,37,53,276
7,"cp,trestbps,chol,fbs,restecg,thalach,exang,oldpeak,slope,ca",134,77,36,0.007649,0.3245,0.000182,0.2132,0.8479,254,32,64,281
7,"age,cp,trestbps,chol,fbs,restecg,thalach,exang,oldpeak,slope,ca",144,117,35,0.002378,0.1054,0.001903,0.204,0.878,273,32,45,281
7,"age,sex,cp,trestbps,chol,thalach,oldpeak,slope,ca",167,120,63,0.009056,0.1905,0.001875,0.1755,0.8494,253,30,65,283
7,"age,cp,trestbps,chol,fbs,restecg,thalach,oldpeak,slope,ca",134,77,36,0.003162,0.1581,0.000241,0.2904,0.8685,273,38,45,275
7,"cp,trestbps,chol,fbs,restecg,thalach,oldpeak,slope,ca",153,92,46,0.007649,0.3245,0.000182,0.2132,0.8558,262,35,56,278
7,"age,cp,trestbps,chol,fbs,restecg,thalach,oldpeak,slope,ca",189,92,46,0.003162,0.1581,0.000241,0.2904,0.8621,279,48,39,265
7,"cp,trestbps,chol,fbs,restecg,thalach,oldpeak,slope,ca",134,77,36,0.007649,0.3245,0.000182,0.2132,0.851,252,28,66,285
7,"cp,trestbps,chol,fbs,restecg,thalach,oldpeak,slope,ca",153,128,32,0.004009,0.1581,0.000241,0.2904,0.8653,262,29,56,284
7,"age,cp,trestbps,chol,restecg,thalach,exang,oldpeak,slope,ca",144,116,36,0.002378,0.1111,0.001075,0.0649,0.8621,271,40,47,273
7,"cp,trestbps,chol,restecg,thalach,exang,oldpeak,slope,ca",134,77,36,0.007649,0.3245,0.000182,0.2132,0.8621,266,35,52,278
7,"age,cp,trestbps,chol,fbs,restecg,thalach,oldpeak,slope,ca",153,92,46,0.003162,0.1581,0.000241,0.2904,0.8637,279,47,39,266
7,"age,cp,trestbps,chol,fbs,restecg,thalach,oldpeak,slope,ca",153,92,46,0.003162,0.1581,0.000241,0.2904,0.8669,279,45,39,268
7,"age,sex,cp,trestbps,chol,thalach,oldpeak,slope,ca",167,120,63,0.009056,0.1905,0.001875,0.1755,0.8653,265,32,53,281
7,"age,sex,cp,trestbps,chol,fbs,restecg,thalach,oldpeak,slope,ca",172,75,47,0.002816,0.0,1e-06,0.2502,0.8637,252,20,66,293
7,"cp,trestbps,chol,fbs,restecg,thalach,oldpeak,slope,ca",134,77,36,0.007649,0.3245,0.000182,0.2132,0.8732,279,41,39,272
7,"age,cp,trestbps,chol,thalach,oldpeak,slope,ca",167,117,47,0.002816,0.0,1e-06,0.2502,0.859,264,35,54,278
7,"age,sex,cp,trestbps,chol,restecg,thalach,exang,oldpeak,slope,ca",144,120,63,0.009056,0.1905,0.001875,0.1755,0.8621,260,29,58,284
7,"cp,trestbps,chol,fbs,restecg,thalach,oldpeak,slope,ca",153,128,32,0.004009,0.0,1e-06,0.133,0.8558,261,34,57,279
7,"sex,cp,trestbps,chol,fbs,restecg,thalach,exang,oldpeak,slope,ca",162,74,34,0.01,0.1581,0.000241,0.2904,0.8716,270,33,48,280
7,"age,sex,cp,trestbps,chol,fbs,restecg,thalach,exang,oldpeak,slope,ca",172,75,47,0.002816,0.0,1e-06,0.2588,0.859,264,35,54,278
7,"age,cp,trestbps,chol,fbs,restecg,thalach,oldpeak,slope,ca",153,92,46,0.003162,0.1581,0.000241,0.2904,0.8764,272,32,46,281
7,"age,sex,cp,trestbps,chol,fbs,restecg,thalach,exang,oldpeak,slope,ca",172,75,47,0.0001,0.0,1e-06,0.3,0.8542,273,47,45,266
7,"cp,trestbps,chol,fbs,restecg,thalach,oldpeak,slope,ca",172,75,47,0.002816,0.0,1e-06,0.2502,0.8653,262,29,56,284
7,"age,cp,trestbps,chol,fbs,restecg,thalach,exang,oldpeak,slope,ca",144,117,36,0.0001,0.1054,0.001903,0.204,0.8336,277,64,41,249
7,"age,sex,cp,trestbps,chol,fbs,restecg,thalach,oldpeak,slope,ca",172,75,47,0.002816,0.0,1e-06,0.2502,0.8732,280,42,38,271
7,"cp,trestbps,chol,restecg,thalach,exang,oldpeak,slope,ca",134,77,36,0.007649,0.3245,0.000182,0.2132,0.8653,266,33,52,280
7,"age,cp,trestbps,chol,fbs,restecg,thalach,oldpeak,slope,ca",144,117,36,0.002378,0.1054,0.001903,0.204,0.8605,277,47,41,266
7,"age,sex,cp,trestbps,chol,fbs,restecg,thalach,oldpeak,slope,ca",172,75,47,0.002816,0.0,1e-06,0.2502,0.8637,272,40,46,273
7,"cp,trestbps,chol,fbs,restecg,thalach,exang,oldpeak,slope,ca",153,128,32,0.004009,0.0,0.000241,0.2904,0.8558,247,20,71,293
7,"cp,trestbps,chol,restecg,thalach,oldpeak,slope,ca",189,108,37,0.007649,0.3245,0.001903,0.2425,0.8574,281,53,37,260
7,"age,sex,cp,trestbps,chol,fbs,restecg,thalach,oldpeak,slope,ca",172,75,47,0.002816,0.0,1e-06,0.2502,0.8637,271,39,47,274
7,"cp,trestbps,chol,fbs,restecg,thalach,oldpeak,slope,ca",153,128,32,0.004009,0.1581,0.000241,0.2904,0.8685,282,47,36,266
7,"age,cp,trestbps,chol,fbs,restecg,thalach,oldpeak,slope,ca",153,128,32,0.004009,0.1581,0.000241,0.2904,0.8415,278,60,40,253
7,"age,sex,cp,trestbps,chol,fbs,restecg,thalach,oldpeak,slope,ca",172,75,47,0.002816,0.0,1e-06,0.2502,0.8669,272,38,46,275
7,"age,cp,trestbps,chol,restecg,thalach,exang,oldpeak,slope,ca",144,116,47,0.002816,0.0,0.01,0.2502,0.8209,293,88,25,225
7,"cp,trestbps,chol,fbs,restecg,thalach,oldpeak,slope,ca",144,117,35,0.002378,0.1111,0.001075,0.1735,0.8399,287,70,31,243
7,"age,cp,trestbps,chol,restecg,thalach,exang,oldpeak,slope,ca",153,92,46,0.003162,0.1581,0.000241,0.2904,0.859,267,38,51,275
7,"cp,trestbps,chol,fbs,restecg,thalach,oldpeak,slope,ca",173,120,32,0.004009,0.1581,0.000241,0.2904,0.8716,277,40,41,273
7,"sex,cp,trestbps,chol,fbs,restecg,thalach,oldpeak,slope,ca",153,128,45,0.00782,0.1657,1e-06,0.2494,0.8716,281,44,37,269
7,"age,sex,cp,trestbps,chol,fbs,restecg,thalach,oldpeak,slope,ca",172,75,47,0.0001,0.0,1e-06,0.2502,0.7433,165,9,153,304
7,"age,sex,cp,trestbps,chol,fbs,restecg,thalach,oldpeak,slope,ca",172,75,47,0.002816,0.0,1e-06,0.2502,0.87,276,40,42,273
7,"age,cp,trestbps,chol,fbs,restecg,thalach,oldpeak,slope,ca",153,92,46,0.0001,0.0016,0.000241,0.1703,0.8368,266,51,52,262
7,"cp,trestbps,chol,fbs,restecg,thalach,oldpeak,slope,ca",153,128,32,0.004009,0.1581,0.000241,0.2904,0.8685,281,46,37,267
8,"cp,trestbps,chol,fbs,restecg,thalach,oldpeak,slope,ca",153,128,32,0.004009,0.1581,0.000241,0.2904,0.8716,268,31,50,282
8,"cp,trestbps,chol,fbs,restecg,thalach,oldpeak,slope,ca",134,77,36,0.007649,0.0,0.000182,0.2132,0.859,271,42,47,271
8,"cp,trestbps,chol,fbs,restecg,thalach,exang,oldpeak,slope,ca",144,117,35,0.002378,0.1581,0.000241,0.2904,0.8368,229,14,89,299
8,"age,cp,trestbps,chol,fbs,restecg,thalach,oldpeak,slope,ca",173,120,32,0.004009,0.1054,0.001903,0.204,0.8558,270,43,48,270
8,"age,sex,cp,trestbps,chol,thalach,oldpeak,slope,ca",134,77,36,0.007649,0.0,0.003846,0.1755,0.8225,225,19,93,294
8,"cp,trestbps,chol,fbs,restecg,thalach,oldpeak,slope,ca",167,120,63,0.009056,0.1905,0.000182,0.2132,0.8637,279,47,39,266
8,"age,sex,cp,trestbps,chol,fbs,restecg,thalach,oldpeak,slope,ca",172,74,47,0.01,0.0,1e-06,0.2502,0.8621,272,41,46,272
8,"cp,trestbps,chol,fbs,restecg,thalach,oldpeak,slope,ca",134,77,36,0.007649,0.3245,0.000182,0.2132,0.8653,267,34,51,279
8,"age,sex,cp,trestbps,chol,fbs,restecg,thalach,exang,oldpeak,slope,ca",172,75,47,0.002816,0.0,1e-06,0.2502,0.8605,252,22,66,291
8,"cp,trestbps,chol,fbs,restecg,thalach,oldpeak,slope,ca",134,77,36,0.007649,0.3245,0.000182,0.2132,0.8574,267,39,51,274
8,"age,cp,trestbps,chol,fbs,restecg,thalach,oldpeak,slope,ca",173,120,32,0.004009,0.1581,1e-06,0.2502,0.8479,246,24,72,289
8,"sex,cp,trestbps,chol,fbs,restecg,thalach,oldpeak,slope,ca",172,75,47,0.002816,0.0,0.000241,0.2904,0.859,250,21,68,292
8,"age,cp,trestbps,chol,fbs,thalach,oldpeak,slope,ca",167,120,63,0.009056,0.1905,0.001875,0.1755,0.8447,262,42,56,271
8,"sex,cp,trestbps,chol,restecg,thalach,oldpeak,slope,ca",134,77,36,0.007649,0.0,0.000182,0.2132,0.8637,262,30,56,283
8,"cp,trestbps,chol,fbs,restecg,thalach,oldpeak,slope,ca",173,120,32,0.004009,0.1581,0.000241,0.2904,0.8653,272,39,46,274
8,"cp,trestbps,chol,fbs,restecg,thalach,oldpeak,slope,ca",153,128,32,0.004009,0.1581,0.000241,0.2904,0.8621,282,51,36,262
8,"sex,cp,trestbps,chol,fbs,restecg,thalach,exang,oldpeak,slope,ca",162,74,34,0.01,0.1581,0.000241,0.2904,0.8764,268,28,50,285
8,"cp,trestbps,chol,fbs,restecg,thalach,oldpeak,slope,ca",134,77,36,0.007649,0.0,0.000182,0.2132,0.8669,272,38,46,275
8,"age,cp,trestbps,chol,fbs,restecg,thalach,oldpeak,slope,ca",189,92,46,0.003162,0.1581,0.000241,0.2904,0.8637,266,34,52,279
8,"sex,cp,trestbps,chol,fbs,restecg,thalach,exang,oldpeak,slope,ca",173,120,44,0.0001,0.2583,1e-06,0.1727,0.8368,296,81,22,232
8,"sex,cp,trestbps,chol,fbs,restecg,thalach,oldpeak,slope,ca",173,120,45,0.00782,0.1657,1e-06,0.2494,0.8685,275,40,43,273
8,"age,sex,cp,trestbps,chol,fbs,restecg,thalach,oldpeak,slope,ca",172,75,47,0.002816,0.0,1e-06,0.2502,0.8637,260,28,58,285
8,"age,sex,cp,trestbps,chol,thalach,oldpeak,slope,ca",167,120,63,0.009056,0.1905,0.001875,0.1755,0.8653,265,32,53,281
8,"age,sex,cp,trestbps,chol,fbs,restecg,thalach,oldpeak,slope,ca",172,75,47,0.002816,0.0,1e-06,0.2502,0.8748,266,27,52,286
8,"cp,trestbps,chol,fbs,restecg,thalach,exang,oldpeak,slope,ca",153,128,32,0.004009,0.1581,0.000241,0.3,0.87,278,42,40,271
8,"cp,trestbps,chol,restecg,thalach,oldpeak,slope,ca",134,77,36,0.007649,0.3245,0.000182,0.2132,0.8494,241,18,77,295
8,"age,sex,cp,trestbps,chol,fbs,restecg,thalach,oldpeak,slope,ca",172,74,47,0.0001,0.0,0.001875,0.1746,0.8067,285,89,33,224
8,"age,sex,cp,trestbps,chol,fbs,restecg,thalach,exang,oldpeak,slope,ca",144,120,63,0.0001,0.1905,1e-06,0.2502,0.8384,280,64,38,249
8,"age,sex,cp,trestbps,chol,fbs,restecg,thalach,oldpeak,slope,ca",172,75,47,0.002816,0.0,1e-06,0.2502,0.8637,269,37,49,276
8,"age,sex,cp,trestbps,chol,restecg,thalach,exang,oldpeak,slope,ca",144,120,63,0.009056,0.1905,0.001875,0.1755,0.859,274,45,44,268
8,"sex,cp,trestbps,chol,fbs,restecg,thalach,oldpeak,slope,ca",173,120,45,0.00782,0.1657,1e-06,0.2494,0.8621,267,36,51,277
8,"age,cp,trestbps,chol,fbs,restecg,thalach,oldpeak,slope,ca",153,92,46,0.003162,0.1581,0.000241,0.2904,0.8605,275,45,43,268
8,"age,cp,trestbps,chol,fbs,restecg,thalach,oldpeak,slope,ca",134,77,36,0.003162,0.1581,0.000241,0.2904,0.8463,245,24,73,289
8,"cp,trestbps,chol,fbs,restecg,thalach,oldpeak,slope,ca",173,120,32,0.004009,0.1581,0.000241,0.2904,0.8605,265,35,53,278
8,"sex,cp,trestbps,chol,fbs,restecg,thalach,oldpeak,slope,ca",153,128,45,0.00782,0.1657,1e-06,0.2494,0.8605,267,37,51,276
8,"sex,cp,trestbps,chol,fbs,restecg,thalach,oldpeak,slope,ca",173,120,45,0.00782,0.1657,1e-06,0.2494,0.8542,257,31,61,282
8,"cp,trestbps,chol,restecg,thalach,exang,oldpeak,slope,ca",134,77,36,0.007649,0.3245,0.000182,0.2132,0.8637,268,36,50,277
8,"cp,trestbps,chol,fbs,restecg,thalach,oldpeak,slope,ca",173,120,32,0.004009,0.1581,0.000241,0.2904,0.8764,270,30,48,283
8,"cp,trestbps,chol,fbs,restecg,thalach,oldpeak,slope,ca",173,120,45,0.00782,0.1657,1e-06,0.2502,0.8653,281,48,37,265
8,"sex,cp,trestbps,chol,fbs,restecg,thalach,oldpeak,slope,ca",172,75,47,0.002816,0.0,1e-06,0.2494,0.8352,238,24,80,289
8,"cp,trestbps,chol,fbs,restecg,thalach,oldpeak,slope,ca",153,128,32,0.007649,0.3245,0.000182,0.2132,0.8605,283,53,35,260
8,"cp,trestbps,chol,fbs,restecg,thalach,exang,oldpeak,slope,ca",134,77,36,0.004009,0.1581,0.000241,0.2904,0.878,274,33,44,280
8,"age,sex,cp,trestbps,chol,fbs,restecg,thalach,oldpeak,slope,ca",172,74,47,0.002816,0.0,1e-06,0.2502,0.8764,270,30,48,283
8,"age,sex,cp,trestbps,chol,thalach,oldpeak,slope,ca",167,120,63,0.009056,0.1905,0.001875,0.1755,0.8415,237,19,81,294
8,"age,sex,cp,trestbps,chol,thalach,oldpeak,slope,ca",166,120,63,0.009056,0.1905,0.000241,0.2904,0.8621,264,33,54,280
8,"cp,trestbps,chol,fbs,restecg,thalach,oldpeak,slope,ca",134,77,36,0.007649,0.0,0.000182,0.2132,0.8621,260,29,58,284
8,"cp,trestbps,chol,fbs,restecg,thalach,oldpeak,slope,ca",153,128,32,0.004009,0.1581,0.000241,0.2904,0.87,265,29,53,284
8,"age,sex,cp,trestbps,chol,fbs,restecg,thalach,oldpeak,slope,ca",172,75,47,0.002816,0.0,1e-06,0.2502,0.8716,270,33,48,280
8,"age,cp,trestbps,chol,fbs,restecg,thalach,oldpeak,slope,ca",153,92,46,0.003162,0.1581,0.000241,0.2904,0.8669,278,44,40,269
8,"age,cp,trestbps,chol,fbs,restecg,thalach,oldpeak,slope,ca",189,92,46,0.003162,0.1581,0.000241,0.2904,0.8494,283,60,35,253
8,"age,cp,trestbps,chol,fbs,restecg,thalach,oldpeak,slope,ca",144,117,36,0.002378,0.1054,0.001903,0.204,0.8637,264,32,54,281
8,"cp,trestbps,chol,restecg,thalach,oldpeak,slope,ca",134,76,36,0.007649,0.4,0.000182,0.2132,0.8669,268,34,50,279
8,"cp,trestbps,chol,restecg,thalach,exang,oldpeak,slope,ca",134,77,36,0.007649,0.3245,0.000182,0.2132,0.8574,257,29,61,284
8,"cp,trestbps,chol,fbs,restecg,thalach,exang,oldpeak,slope,ca",173,120,32,0.004009,0.2403,0.000241,0.2904,0.8685,258,23,60,290
8,"age,cp,trestbps,chol,fbs,restecg,thalach,exang,oldpeak,slope,ca",144,117,35,0.002378,0.1054,0.001903,0.204,0.8621,279,48,39,265
8,"age,cp,trestbps,chol,fbs,restecg,thalach,oldpeak,slope,ca",153,92,46,0.003162,0.1581,0.000241,0.2904,0.8669,274,40,44,273
8,"cp,trestbps,chol,fbs,restecg,thalach,oldpeak,slope,ca",153,128,32,0.004009,0.3245,0.000182,0.2132,0.859,268,39,50,274
8,"cp,trestbps,chol,restecg,thalach,exang,oldpeak,slope,ca",134,77,36,0.007649,0.1581,0.000241,0.2904,0.8479,251,29,67,284
8,"cp,trestbps,chol,fbs,restecg,thalach,oldpeak,slope,ca",173,120,32,0.004009,0.1581,0.000241,0.2904,0.8637,286,54,32,259
8,"age,cp,trestbps,chol,fbs,restecg,thalach,oldpeak,slope,ca",134,77,36,0.003162,0.1581,0.000241,0.2904,0.8605,280,50,38,263
8,"cp,trestbps,chol,fbs,restecg,thalach,oldpeak,slope,ca",153,128,32,0.004009,0.1581,0.000241,0.2904,0.8574,278,50,40,263
8,"age,sex,cp,trestbps,chol,thalach,oldpeak,slope,ca",167,120,63,0.009056,0.1905,0.001875,0.1755,0.8685,268,33,50,280
8,"age,sex,cp,trestbps,chol,fbs,restecg,thalach,oldpeak,slope,ca",153,128,32,0.004009,0.1581,1e-06,0.2502,0.8732,272,34,46,279
8,"cp,trestbps,chol,fbs,restecg,thalach,oldpeak,slope,ca",172,75,47,0.002816,0.0,0.000241,0.2904,0.8685,279,44,39,269
